Workbook

Sheet GW_mostrecent_May3_GIS
A1: GIS_name | B1: Sample_Date | C1: ID | D1: Map_Key | E1: ID no PII | F1: PWS_ID | G1: Type | H1: Latitude | I1: Longitude | J1: PFBS | K1: PFHpA | L1: PFHxS | M1: PFNA | N1: PFOA | O1: PFOS
A2: Wigwam Well CR #1 | B2: 39595 | C2: Wigwam Well CR #1 2008-05-27 | D2: 131 | E2: FSW-131 | F2: =VLOOKUP(A2,Type!$A$1:$C$132,3,0) -> CO0121470 | G2: =VLOOKUP(A2,Type!$A$1:$B$132,2,0) -> PWS and Other | H2: 38.541917 | I2: -104.64063 | J2: 27 | K2: 7.5 | L2: 50 | M2: 0 | N2: 25 | O2: 18
A3: CO. Centre Metro district | B3: 42548 | C3: CO. Centre Metro district 2016-06-27 | D3: 88 | E3: FSW-88 | F3: =VLOOKUP(A3,Type!$A$1:$C$132,3,0) -> CO0121140 | G3: =VLOOKUP(A3,Type!$A$1:$B$132,2,0) -> PWS and Other | H3: 38.768417 | I3: -104.64929 | J3: 0 | K3: 0 | L3: 0 | M3: 0 | N3: 0 | O3: 0
A4: Widefield Jhw5R Well | B4: 41778 | C4: Widefield Jhw5R Well 2014-05-19 | D4: 90 | E4: FSW-90 | F4: =VLOOKUP(A4,Type!$A$1:$C$132,3,0) -> CO0121900 | G4: =VLOOKUP(A4,Type!$A$1:$B$132,2,0) -> PWS and Other | H4: 38.730278 | I4: -104.65111 | J4: 0 | K4: 0 | L4: 0 | M4: 0 | N4: 0 | O4: 0
A5: Widefield Well JHW2 | B5: 42536 | C5: Widefield Well JHW2 2016-06-15 | D5: 130 | E5: FSW-130 | F5: =VLOOKUP(A5,Type!$A$1:$C$132,3,0) -> CO0121900 | G5: =VLOOKUP(A5,Type!$A$1:$B$132,2,0) -> PWS and Other | H5: 38.7298 | I5: -104.65357 | N5: 4.7 | O5: 2.9
A6: private well 9035 Bonnie Cap | B6: 42695 | C6: private well 9035 Bonnie Cap 2016-11-21 | D6: 122 | E6: FSW-122 | G6: =VLOOKUP(A6,Type!$A$1:$B$132,2,0) -> Private Well | H6: 38.710278 | I6: -104.66056 | J6: 0 | K6: 0 | L6: 40 | M6: 0 | N6: 29 | O6: 10
A7: private well 8085 S. Marksheffel Rd. | B7: 42580 | C7: private well 8085 S. Marksheffel Rd. 2016-07-29 | D7: 95 | E7: FSW-95 | G7: =VLOOKUP(A7,Type!$A$1:$B$132,2,0) -> Private Well | H7: 38.714635 | I7: -104.66105 | J7: 0 | K7: 1.8 | L7: 30 | M7: 0 | N7: 0 | O7: 0
A8: private well 16990 Old Pueblo Rd #1 | B8: 42464 | C8: private well 16990 Old Pueblo Rd #1 2016-04-04 | D8: 26 | E8: FSW-26 | G8: =VLOOKUP(A8,Type!$A$1:$B$132,2,0) -> Private Well | H8: 38.588448 | I8: -104.66316 | J8: 0 | K8: 13 | L8: 93 | M8: 0 | N8: 35 | O8: 55
A9: private well 8225 S. Marksheffel Rd. | B9: 42580 | C9: private well 8225 S. Marksheffel Rd. 2016-07-29 | D9: 96 | E9: FSW-96 | G9: =VLOOKUP(A9,Type!$A$1:$B$132,2,0) -> Private Well | H9: 38.712832 | I9: -104.66321 | J9: 0 | K9: 2.4 | L9: 36 | M9: 0 | N9: 0 | O9: 0
A10: private well 16990 Old Pueblo Rd #2 | B10: 42464 | C10: private well 16990 Old Pueblo Rd #2 2016-04-04 | D10: 27 | E10: FSW-27 | G10: =VLOOKUP(A10,Type!$A$1:$B$132,2,0) -> Private Well | H10: 38.589011 | I10: -104.66578 | J10: 0 | K10: 14 | L10: 97 | M10: 0 | N10: 40 | O10: 46
A11: private well 8790 Birdsall Rd. | B11: 42619 | C11: private well 8790 Birdsall Rd. 2016-09-06 | D11: 114 | E11: FSW-114 | G11: =VLOOKUP(A11,Type!$A$1:$B$132,2,0) -> Private Well | H11: 38.626111 | I11: -104.66639 | J11: 26 | K11: 6.4 | L11: 36 | M11: 0 | N11: 14 | O11: 0
A12: private well 13421 Moonshadow Rd. | B12: 42619 | C12: private well 13421 Moonshadow Rd. 2016-09-06 | D12: 110 | E12: FSW-110 | G12: =VLOOKUP(A12,Type!$A$1:$B$132,2,0) -> Private Well | H12: 38.630555 | I12: -104.66805 | J12: 19 | K12: 6.4 | L12: 26 | M12: 0 | N12: 12 | O12: 0
A13: private well 16880 Old Pueblo | B13: 42460 | C13: private well 16880 Old Pueblo 2016-03-31 | D13: 25 | E13: FSW-25 | G13: =VLOOKUP(A13,Type!$A$1:$B$132,2,0) -> Private Well | H13: 38.5969 | I13: -104.6693 | J13: 0 | K13: 13 | L13: 82 | M13: 0 | N13: 36 | O13: 66
A14: private well 14910 Old Pueblo Rd | B14: 42548 | C14: private well 14910 Old Pueblo Rd 2016-06-27 | D14: 79 | E14: FSW-79 | G14: =VLOOKUP(A14,Type!$A$1:$B$132,2,0) -> Private Well | H14: 38.615811 | I14: -104.67348 | J14: 0 | K14: 8.7 | L14: 25 | M14: 0 | N14: 16 | O14: 31
A15: private well 9110 Link Rd. | B15: 42579 | C15: private well 9110 Link Rd. 2016-07-28 | D15: 101 | E15: FSW-101 | G15: =VLOOKUP(A15,Type!$A$1:$B$132,2,0) -> Private Well | H15: 38.700009 | I15: -104.67379 | J15: 0 | K15: 0 | L15: 33 | M15: 0 | N15: 0 | O15: 0
A16: private well 8570 Link Rd | B16: 42695 | C16: private well 8570 Link Rd 2016-11-21 | D16: 119 | E16: FSW-119 | G16: =VLOOKUP(A16,Type!$A$1:$B$132,2,0) -> Private Well | H16: 38.707222 | I16: -104.67417 | J16: 21 | K16: 3.7 | L16: 56 | M16: 0 | N16: 3.7 | O16: 0
A17: private well 14790 Old Pueblo Rd. | B17: 42619 | C17: private well 14790 Old Pueblo Rd. 2016-09-06 | D17: 112 | E17: FSW-112 | G17: =VLOOKUP(A17,Type!$A$1:$B$132,2,0) -> Private Well | H17: 38.618333 | I17: -104.67444 | J17: 26 | K17: 4.4 | L17: 24 | M17: 0 | N17: 8 | O17: 0
... A39: private well 12460 Old Pueblo Rd | B39: 42695 | C39: private well 12460 Old Pueblo Rd 2016-11-21 | D39: 118 | E39: FSW-118 | G39: =VLOOKUP(A39,Type!$A$1:$B$132,2,0) -> Private Well | H39: 38.65 | I39: -104.68889 | J39: 33 | K39: 9 | L39: 70 | M39: 0 | N39: 44 | O39: 36
A40: Fountain Faith Fellowship | B40: 42548 | C40: Fountain Faith Fellowship 2016-06-27 | D40: 77 | E40: FSW-77 | F40: =VLOOKUP(A40,Type!$A$1:$C$132,3,0) -> CO0121300 | G40: =VLOOKUP(A40,Type!$A$1:$B$132,2,0) -> PWS and Other | H40: 38.659137 | I40: -104.69044 | J40: 0 | K40: 3.8 | L40: 10 | M40: 0 | N40: 9.1 | O40: 0
A41: private well 12425 Old Pueblo | B41: 42460 | C41: private well 12425 Old Pueblo 2016-03-31 | D41: 23 | E41: FSW-23 | G41: =VLOOKUP(A41,Type!$A$1:$B$132,2,0) -> Private Well | H41: 38.6561 | I41: -104.6914 | J41: 0 | K41: 22 | L41: 86 | M41: 0 | N41: 45 | O41: 41
A42: private well 808 Pond Terrace | B42: 42695 | C42: private well 808 Pond Terrace 2016-11-21 | D42: 123 | E42: FSW-123 | G42: =VLOOKUP(A42,Type!$A$1:$B$132,2,0) -> Private Well | H42: 38.691389 | I42: -104.69722 | J42: 32 | K42: 5 | L42: 60 | M42: 0 | N42: 21 | O42: 32
A43: private well 900 Pond Terrace | B43: 42695 | C43: private well 900 Pond Terrace 2016-11-21 | D43: 124 | E43: FSW-124 | G43: =VLOOKUP(A43,Type!$A$1:$B$132,2,0) -> Private Well | H43: 38.688611 | I43: -104.6975 | J43: 16 | K43: 2.3 | L43: 25 | M43: 0 | N43: 8.5 | O43: 14
A44: private well 1205 Fountain Mesa | B44: 42460 | C44: private well 1205 Fountain Mesa 2016-03-31 | D44: 19 | E44: FSW-19 | G44: =VLOOKUP(A44,Type!$A$1:$B$132,2,0) -> Private Well | H44: 38.6981 | I44: -104.6981 | J44: 0 | K44: 12 | L44: 81 | M44: 0 | N44: 30 | O44: 67
A45: private well 952 Lake Ave. | B45: 42579 | C45: private well 952 Lake Ave. 2016-07-28 | D45: 34 | E45: FSW-34 | G45: =VLOOKUP(A45,Type!$A$1:$B$132,2,0) -> Private Well | H45: 38.693954 | I45: -104.69835 | J45: 23 | K45: 10 | L45: 54 | M45: 0 | N45: 27 | O45: 62
A46: Fountain Well No 3 Shop Well | C46: Fountain Well No 3 Shop Well NA | D46: 5 | E46: FSW-5 | F46: =VLOOKUP(A46,Type!$A$1:$C$132,3,0) -> CO0121300 | G46: =VLOOKUP(A46,Type!$A$1:$B$132,2,0) -> PWS and Other | H46: 38.681945 | I46: -104.69972 | J46: 0 | K46: 0 | L46: 50 | M46: 0 | N46: 27 | O46: 50
A47: private well 300 Georgia Lee Lane | B47: 42580 | C47: private well 300 Georgia Lee Lane 2016-07-29 | D47: 99 | E47: FSW-99 | G47: =VLOOKUP(A47,Type!$A$1:$B$132,2,0) -> Private Well | H47: 38.705221 | I47: -104.70208 | J47: 19 | K47: 8.3 | L47: 31 | M47: 4.6 | N47: 23 | O47: 52
A48: Fountain Well No 2 South Park Well | C48: Fountain Well No 2 South Park Well NA | D48: 4 | E48: FSW-4 | F48: =VLOOKUP(A48,Type!$A$1:$C$132,3,0) -> CO0121300 | G48: =VLOOKUP(A48,Type!$A$1:$B$132,2,0) -> PWS and Other | H48: 38.685555 | I48: -104.70278 | J48: 0 | K48: 10 | L48: 54 | M48: 0 | N48: 32 | O48: 49
A49: Fountain Well No 1 North Park Well | B49: 41472 | C49: Fountain Well No 1 North Park Well 2013-07-17 | D49: 93 | E49: FSW-93 | F49: =VLOOKUP(A49,Type!$A$1:$C$132,3,0) -> CO0121300 | G49: =VLOOKUP(A49,Type!$A$1:$B$132,2,0) -> PWS and Other | H49: 38.686679 | I49: -104.70371 | J49: 0 | K49: 0 | L49: 50 | M49: 0 | N49: 40 | O49: 0
A50: Fountain Well No 4 Dale St | C50: Fountain Well No 4 Dale St NA | D50: 6 | E50: FSW-6 | F50: =VLOOKUP(A50,Type!$A$1:$C$132,3,0) -> CO0121300 | G50: =VLOOKUP(A50,Type!$A$1:$B$132,2,0) -> PWS and Other | H50: 38.688333 | I50: -104.705 | J50: 0 | K50: 10 | L50: 59 | M50: 0 | N50: 33 | O50: 46
A51: private well 809 Dale St. | B51: 42460 | C51: private well 809 Dale St. 2016-03-31 | D51: 36 | E51: FSW-36 | G51: =VLOOKUP(A51,Type!$A$1:$B$132,2,0) -> Private Well | H51: 38.6902 | I51: -104.7051 | J51: 0 | K51: 22 | L51: 110 | M51: 0 | N51: 56 | O51: 62
A52: private well 8920 1/2 Rusique | B52: 42619 | C52: private well 8920 1/2 Rusique 2016-09-06 | D52: 111 | E52: FSW-111 | G52: =VLOOKUP(A52,Type!$A$1:$B$132,2,0) -> Private Well | H52: 38.703333 | I52: -104.70639 | J52: 18 | K52: 12 | L52: 40 | M52: 0 | N52: 43 | O52: 29
A53: monitoring well COS Pond-MWE | B53: 42494 | C53: monitoring well COS Pond-MWE 2016-05-04 | D53: 13 | E53: FSW-13 | G53: =VLOOKUP(A53,Type!$A$1:$B$132,2,0) -> PWS and Other | H53: 38.794681 | I53: -104.70693 | J53: 240 | K53: 200 | L53: 970 | M53: 25 | N53: 200 | O53: 1600
A54: Fountain Valley School | B54: 42516 | C54: Fountain Valley School 2016-05-26 | D54: 89 | E54: FSW-89 | F54: =VLOOKUP(A54,Type!$A$1:$C$132,3,0) -> CO0121300 | G54: =VLOOKUP(A54,Type!$A$1:$B$132,2,0) -> PWS and Other | H54: 38.74355 | I54: -104.7078 | J54: 23 | K54: 12 | L54: 34 | M54: 4.5 | N54: 33 | O54: 64
A55: private well 8760 S. Hwy 85 | B55: 42460 | C55: private well 8760 S. Hwy 85 2016-03-31 | D55: 31 | E55: FSW-31 | G55: =VLOOKUP(A55,Type!$A$1:$B$132,2,0) -> Private Well | H55: 38.705017 | I55: -104.71 | J55: 0 | K55: 0 | L55: 0 | M55: 0 | N55: 0 | O55: 0
A56: monitoring well Airplane Crash #1 | B56: 42782 | C56: monitoring well Airplane Crash #1 2017-02-16 | D56: 126 | E56: FSW-126 | G56: =VLOOKUP(A56,Type!$A$1:$B$132,2,0) -> PWS and Other | H56: 38.735551 | I56: -104.71358 | J56: 20 | K56: 6 | L56: 49 | M56: 0 | N56: 30 | O56: 36
A57: El Paso Parks A1 WELL | B57: 42431 | C57: El Paso Parks A1 WELL 2016-03-02 | D57: 1 | E57: FSW-1 | F57: =VLOOKUP(A57,Type!$A$1:$C$132,3,0) -> CO0221435 | G57: =VLOOKUP(A57,Type!$A$1:$B$132,2,0) -> PWS and Other | H57: 38.709167 | I57: -104.71583 | J57: 28 | K57: 5.3 | L57: 38 | M57: 0 | N57: 18 | O57: 31
A58: El Paso Parks Mckinnon Well | B58: 42431 | C58: El Paso Parks Mckinnon Well 2016-03-02 | D58: 3 | E58: FSW-3 | F58: =VLOOKUP(A58,Type!$A$1:$C$132,3,0) -> CO0221436 | G58: =VLOOKUP(A58,Type!$A$1:$B$132,2,0) -> PWS and Other | H58: 38.709722 | I58: -104.71611 | J58: 260 | K58: 6.1 | L58: 35 | M58: 0 | N58: 15 | O58: 20
A59: El Paso Parks Fountain Creek Nature Ctr | B59: 42431 | C59: El Paso Parks Fountain Creek Nature Ctr 2016-03-02 | D59: 2 | E59: FSW-2 | F59: =VLOOKUP(A59,Type!$A$1:$C$132,3,0) -> CO0221436 | G59: =VLOOKUP(A59,Type!$A$1:$B$132,2,0) -> PWS and Other | H59: 38.713611 | I59: -104.71667 | J59: 0 | K59: 0 | L59: 0 | M59: 0 | N59: 0 | O59: 0
A60: private well 3815 Cresta Loma PL | B60: 42549 | C60: private well 3815 Cresta Loma PL 2016-06-28 | D60: 82 | E60: FSW-82 | G60: =VLOOKUP(A60,Type!$A$1:$B$132,2,0) -> Private Well | H60: 38.776783 | I60: -104.72427 | J60: 98 | K60: 62 | L60: 260 | M60: 0 | N60: 40 | O60: 180
A61: Security W8 Well | B61: 42417 | C61: Security W8 Well 2016-02-17 | D61: 63 | E61: FSW-63 | F61: =VLOOKUP(A61,Type!$A$1:$C$132,3,0) -> CO0121775 | G61: =VLOOKUP(A61,Type!$A$1:$B$132,2,0) -> PWS and Other | H61: 38.768495 | I61: -104.72443 | J61: 0 | K61: 50 | L61: 280 | M61: 0 | N61: 60 | O61: 560
A62: Widefield Well E2 | B62: 42682 | C62: Widefield Well E2 2016-11-08 | D62: 74 | E62: FSW-74 | F62: =VLOOKUP(A62,Type!$A$1:$C$132,3,0) -> CO0121900 | G62: =VLOOKUP(A62,Type!$A$1:$B$132,2,0) -> PWS and Other | H62: 38.724384 | I62: -104.72443 | J62: 72 | K62: 22 | L62: 140 | M62: 3.8 | N62: 33 | O62: 260
A63: Widefield W7 Well | B63: 42594 | C63: Widefield W7 Well 2016-08-12 | D63: 70 | E63: FSW-70 | F63: =VLOOKUP(A63,Type!$A$1:$C$132,3,0) -> CO0121900 | G63: =VLOOKUP(A63,Type!$A$1:$B$132,2,0) -> PWS and Other | H63: 38.727847 | I63: -104.72465 | J63: 71 | K63: 27 | L63: 150 | M63: 0 | N63: 35 | O63: 260
A64: Security W9 Well | B64: 42417 | C64: Security W9 Well 2016-02-17 | D64: 64 | E64: FSW-64 | F64: =VLOOKUP(A64,Type!$A$1:$C$132,3,0) -> CO0121775 | G64: =VLOOKUP(A64,Type!$A$1:$B$132,2,0) -> PWS and Other | H64: 38.765046 | I64: -104.72558 | J64: 0 | K64: 60 | L64: 340 | M64: 0 | N64: 70 | O64: 560
A65: Widefield Well C1 | B65: 42493 | C65: Widefield Well C1 2016-05-03 | D65: 71 | E65: FSW-71 | F65: =VLOOKUP(A65,Type!$A$1:$C$132,3,0) -> CO0121900 | G65: =VLOOKUP(A65,Type!$A$1:$B$132,2,0) -> PWS and Other | H65: 38.729257 | I65: -104.72616 | J65: 36 | K65: 13 | L65: 80 | M65: 0 | N65: 20 | O65: 93
A66: Security W12 Well | B66: 42417 | C66: Security W12 Well 2016-02-17 | D66: 62 | E66: FSW-62 | F66: =VLOOKUP(A66,Type!$A$1:$C$132,3,0) -> CO0121775 | G66: =VLOOKUP(A66,Type!$A$1:$B$132,2,0) -> PWS and Other | H66: 38.762163 | I66: -104.72686 | J66: 0 | K66: 40 | L66: 220 | M66: 0 | N66: 40 | O66: 400
A67: Widefield Well C3 | B67: 42493 | C67: Widefield Well C3 2016-05-03 | D67: 72 | E67: FSW-72 | F67: =VLOOKUP(A67,Type!$A$1:$C$132,3,0) -> CO0121900 | G67: =VLOOKUP(A67,Type!$A$1:$B$132,2,0) -> PWS and Other | H67: 38.729424 | I67: -104.729 | J67: 56 | K67: 22 | L67: 260 | M67: 0 | N67: 42 | O67: 75
A68: Widefield Well W-2 | B68: 42493 | C68: Widefield Well W-2 2016-05-03 | D68: 75 | E68: FSW-75 | F68: =VLOOKUP(A68,Type!$A$1:$C$132,3,0) -> CO0121900 | G68: =VLOOKUP(A68,Type!$A$1:$B$132,2,0) -> PWS and Other | H68: 38.73605 | I68: -104.72901 | J68: 36 | K68: 12 | L68: 65 | M68: 0 | N68: 20 | O68: 78
A69: Widefield W1 Well | B69: 42410 | C69: Widefield W1 Well 2016-02-10 | D69: 68 | E69: FSW-68 | F69: =VLOOKUP(A69,Type!$A$1:$C$132,3,0) -> CO0121900 | G69: =VLOOKUP(A69,Type!$A$1:$B$132,2,0) -> PWS and Other | H69: 38.736887 | I69: -104.72973 | N69: 26 | O69: 72
A70: Security S10 Well | B70: 42466 | C70: Security S10 Well 2016-04-06 | D70: 45 | E70: FSW-45 | F70: =VLOOKUP(A70,Type!$A$1:$C$132,3,0) -> CO0121775 | G70: =VLOOKUP(A70,Type!$A$1:$B$132,2,0) -> PWS and Other | H70: 38.737392 | I70: -104.7303 | J70: 52 | K70: 18 | L70: 140 | M70: 0 | N70: 29 | O70: 120
A71: Widefield W3 Well | B71: 42492 | C71: Widefield W3 Well 2016-05-02 | D71: 69 | E71: FSW-69 | F71: =VLOOKUP(A71,Type!$A$1:$C$132,3,0) -> CO0121900 | G71: =VLOOKUP(A71,Type!$A$1:$B$132,2,0) -> PWS and Other | H71: 38.733889 | I71: -104.73083 | J71: 64 | K71: 23 | L71: 320 | M71: 0 | N71: 48 | O71: 90
A72: private well 6580 S. US HWY 85-87 | B72: 42548 | C72: private well 6580 S. US HWY 85-87 2016-06-27 | D72: 86 | E72: FSW-86 | G72: =VLOOKUP(A72,Type!$A$1:$B$132,2,0) -> Private Well | H72: 38.73601 | I72: -104.73088 | J72: 67 | K72: 33 | L72: 300 | M72: 0 | N72: 66 | O72: 81
A73: Widefield High School irrigation well | B73: 42507 | C73: Widefield High School irrigation well 2016-05-17 | D73: 67 | E73: FSW-67 | F73: =VLOOKUP(A73,Type!$A$1:$C$132,3,0) -> CO0121900 | G73: =VLOOKUP(A73,Type!$A$1:$B$132,2,0) -> PWS and Other | H73: 38.75558 | I73: -104.73117 | J73: 110 | K73: 39 | L73: 200 | M73: 6.2 | N73: 41 | O73: 320
A74: Widefield Well C36 | B74: 42594 | C74: Widefield Well C36 2016-08-12 | D74: 73 | E74: FSW-73 | F74: =VLOOKUP(A74,Type!$A$1:$C$132,3,0) -> CO0121900 | G74: =VLOOKUP(A74,Type!$A$1:$B$132,2,0) -> PWS and Other | H74: 38.732413 | I74: -104.73176 | J74: 83 | K74: 21 | L74: 350 | M74: 0 | N74: 39 | O74: 71
A75: Widefield W4 Well | B75: 41778 | C75: Widefield W4 Well 2014-05-19 | D75: 92 | E75: FSW-92 | F75: =VLOOKUP(A75,Type!$A$1:$C$132,3,0) -> CO0121900 | G75: =VLOOKUP(A75,Type!$A$1:$B$132,2,0) -> PWS and Other | H75: 38.735448 | I75: -104.73184 | J75: 0 | K75: 24 | L75: 330 | M75: 0 | N75: 45 | O75: 51
A76: Security S9 Well | B76: 42481 | C76: Security S9 Well 2016-04-21 | D76: 57 | E76: FSW-57 | F76: =VLOOKUP(A76,Type!$A$1:$C$132,3,0) -> CO0121775 | G76: =VLOOKUP(A76,Type!$A$1:$B$132,2,0) -> PWS and Other | H76: 38.739167 | I76: -104.73194 | J76: 54 | K76: 21 | L76: 200 | M76: 0 | N76: 47 | O76: 74
A77: Security R2 Well Ream No 2 | B77: 42466 | C77: Security R2 Well Ream No 2 2016-04-06 | D77: 44 | E77: FSW-44 | F77: =VLOOKUP(A77,Type!$A$1:$C$132,3,0) -> CO0121775 | G77: =VLOOKUP(A77,Type!$A$1:$B$132,2,0) -> PWS and Other | H77: 38.737778 | I77: -104.73222 | J77: 90 | K77: 24 | L77: 370 | M77: 0 | N77: 52 | O77: 73
A78: private well 6885 Southmoor Dr. | B78: 42580 | C78: private well 6885 Southmoor Dr. 2016-07-29 | D78: 97 | E78: FSW-97 | G78: =VLOOKUP(A78,Type!$A$1:$B$132,2,0) -> Private Well | H78: 38.733638 | I78: -104.73279 | J78: 160 | K78: 40 | L78: 580 | M78: 0 | N78: 67 | O78: 100
A79: Security R1 Well Ream No 1 | B79: 42466 | C79: Security R1 Well Ream No 1 2016-04-06 | D79: 43 | E79: FSW-43 | F79: =VLOOKUP(A79,Type!$A$1:$C$132,3,0) -> CO0121775 | G79: =VLOOKUP(A79,Type!$A$1:$B$132,2,0) -> PWS and Other | H79: 38.740833 | I79: -104.735 | J79: 110 | K79: 23 | L79: 420 | M79: 0 | N79: 45 | O79: 72
A80: Security S17 Well | B80: 42466 | C80: Security S17 Well 2016-04-06 | D80: 52 | E80: FSW-52 | F80: =VLOOKUP(A80,Type!$A$1:$C$132,3,0) -> CO0121775 | G80: =VLOOKUP(A80,Type!$A$1:$B$132,2,0) -> PWS and Other | H80: 38.744581 | I80: -104.73671 | J80: 78 | K80: 23 | L80: 370 | M80: 0 | N80: 52 | O80: 83
A81: Security FV4 Well | B81: 42471 | C81: Security FV4 Well 2016-04-11 | D81: 39 | E81: FSW-39 | F81: =VLOOKUP(A81,Type!$A$1:$C$132,3,0) -> CO0121775 | G81: =VLOOKUP(A81,Type!$A$1:$B$132,2,0) -> PWS and Other | H81: 38.746667 | I81: -104.7375 | J81: 52 | K81: 27 | L81: 260 | M81: 0 | N81: 56 | O81: 65
A82: monitoring well HMW-63 Schlage | B82: 42494 | C82: monitoring well HMW-63 Schlage 2016-05-04 | D82: 14 | E82: FSW-14 | G82: =VLOOKUP(A82,Type!$A$1:$B$132,2,0) -> PWS and Other | H82: 38.778542 | I82: -104.73804 | J82: 21 | K82: 0 | L82: 6.9 | M82: 0 | N82: 0 | O82: 0
A83: Security S2 Well | B83: 42481 | C83: Security S2 Well 2016-04-21 | D83: 53 | E83: FSW-53 | F83: =VLOOKUP(A83,Type!$A$1:$C$132,3,0) -> CO0121775 | G83: =VLOOKUP(A83,Type!$A$1:$B$132,2,0) -> PWS and Other | H83: 38.749622 | I83: -104.74097 | J83: 62 | K83: 35 | L83: 380 | M83: 0 | N83: 87 | O83: 61
A84: Security MHP Big | B84: 42507 | C84: Security MHP Big 2016-05-17 | D84: 40 | E84: FSW-40 | F84: =VLOOKUP(A84,Type!$A$1:$C$132,3,0) -> CO0121750 | G84: =VLOOKUP(A84,Type!$A$1:$B$132,2,0) -> PWS and Other | H84: 38.747958 | I84: -104.74154 | J84: 180 | K84: 42 | L84: 560 | M84: 5.3 | N84: 62 | O84: 130
A85: Security MHP Little | B85: 42507 | C85: Security MHP Little 2016-05-17 | D85: 41 | E85: FSW-41 | F85: =VLOOKUP(A85,Type!$A$1:$C$132,3,0) -> CO0121750 | G85: =VLOOKUP(A85,Type!$A$1:$B$132,2,0) -> PWS and Other | H85: 38.747953 | I85: -104.74161 | J85: 200 | K85: 50 | L85: 670 | M85: 5.4 | N85: 71 | O85: 170
A86: Security MHP NO 2 WELL | B86: 42419 | C86: Security MHP NO 2 WELL 2016-02-19 | D86: 42 | E86: FSW-42 | F86: =VLOOKUP(A86,Type!$A$1:$C$132,3,0) -> CO0121750 | G86: =VLOOKUP(A86,Type!$A$1:$B$132,2,0) -> PWS and Other | H86: 38.747953 | I86: -104.74161 | J86: 110 | K86: 17 | L86: 380 | M86: 0 | N86: 33 | O86: 70
A87: Security S16 Well | B87: 42466 | C87: Security S16 Well 2016-04-06 | D87: 51 | E87: FSW-51 | F87: =VLOOKUP(A87,Type!$A$1:$C$132,3,0) -> CO0121775 | G87: =VLOOKUP(A87,Type!$A$1:$B$132,2,0) -> PWS and Other | H87: 38.749845 | I87: -104.74178 | J87: 79 | K87: 36 | L87: 480 | M87: 0 | N87: 85 | O87: 77
A88: Norad MHP 5775 Southmoor | B88: 42460 | C88: Norad MHP 5775 Southmoor 2016-03-31 | D88: 91 | E88: FSW-91 | F88: =VLOOKUP(A88,Type!$A$1:$C$132,3,0) -> CO0121500 | G88: =VLOOKUP(A88,Type!$A$1:$B$132,2,0) -> PWS and Other | H88: 38.748 | I88: -104.7428 | J88: 230 | K88: 44 | L88: 740 | M88: 0 | N88: 63 | O88: 140
A89: Security S15 Well | B89: 42466 | C89: Security S15 Well 2016-04-06 | D89: 50 | E89: FSW-50 | F89: =VLOOKUP(A89,Type!$A$1:$C$132,3,0) -> CO0121775 | G89: =VLOOKUP(A89,Type!$A$1:$B$132,2,0) -> PWS and Other | H89: 38.75205 | I89: -104.74378 | J89: 51 | K89: 32 | L89: 320 | M89: 0 | N89: 86 | O89: 50
A90: FV Shopping Center No 1 Well | B90: 42507 | C90: FV Shopping Center No 1 Well 2016-05-17 | D90: 7 | E90: FSW-7 | F90: =VLOOKUP(A90,Type!$A$1:$C$132,3,0) -> CO0221440 | G90: =VLOOKUP(A90,Type!$A$1:$B$132,2,0) -> PWS and Other | H90: 38.751666 | I90: -104.74528 | J90: 150 | K90: 42 | L90: 510 | M90: 5.6 | N90: 73 | O90: 140
A91: Security S8 Well | B91: 42466 | C91: Security S8 Well 2016-04-06 | D91: 56 | E91: FSW-56 | F91: =VLOOKUP(A91,Type!$A$1:$C$132,3,0) -> CO0121775 | G91: =VLOOKUP(A91,Type!$A$1:$B$132,2,0) -> PWS and Other | H91: 38.754546 | I91: -104.74604 | J91: 38 | K91: 22 | L91: 200 | M91: 0 | N91: 57 | O91: 46
A92: Security V7 Well | B92: 42466 | C92: Security V7 Well 2016-04-06 | D92: 60 | E92: FSW-60 | F92: =VLOOKUP(A92,Type!$A$1:$C$132,3,0) -> CO0121775 | G92: =VLOOKUP(A92,Type!$A$1:$B$132,2,0) -> PWS and Other | H92: 38.752848 | I92: -104.74608 | J92: 74 | K92: 36 | L92: 430 | M92: 0 | N92: 87 | O92: 98
A93: Security V8 Well | B93: 42466 | C93: Security V8 Well 2016-04-06 | D93: 61 | E93: FSW-61 | F93: =VLOOKUP(A93,Type!$A$1:$C$132,3,0) -> CO0121775 | G93: =VLOOKUP(A93,Type!$A$1:$B$132,2,0) -> PWS and Other | H93: 38.754167 | I93: -104.74731 | J93: 54 | K93: 28 | L93: 320 | M93: 0 | N93: 81 | O93: 72
A94: Security S4 Well | B94: 42466 | C94: Security S4 Well 2016-04-06 | D94: 54 | E94: FSW-54 | F94: =VLOOKUP(A94,Type!$A$1:$C$132,3,0) -> CO0121775 | G94: =VLOOKUP(A94,Type!$A$1:$B$132,2,0) -> PWS and Other | H94: 38.756851 | I94: -104.74823 | J94: 42 | K94: 18 | L94: 150 | M94: 0 | N94: 31 | O94: 86
... A99: Security S7 Well | B99: 42466 | C99: Security S7 Well 2016-04-06 | D99: 55 | E99: FSW-55 | F99: =VLOOKUP(A99,Type!$A$1:$C$132,3,0) -> CO0121775 | G99: =VLOOKUP(A99,Type!$A$1:$B$132,2,0) -> PWS and Other | H99: 38.757463 | I99: -104.7496 | J99: 45 | K99: 18 | L99: 160 | M99: 0 | N99: 32 | O99: 88
A100: private well 4250 Bradley Rd. | B100: 42516 | C100: private well 4250 Bradley Rd. 2016-05-26 | D100: 85 | E100: FSW-85 | G100: =VLOOKUP(A100,Type!$A$1:$B$132,2,0) -> Private Well | H100: 38.770617 | I100: -104.74962 | J100: 37 | K100: 15 | L100: 60 | M100: 0 | N100: 33 | O100: 27
A101: private well 4175 Bradley Rd. | B101: 42516 | C101: private well 4175 Bradley Rd. 2016-05-26 | D101: 84 | E101: FSW-84 | G101: =VLOOKUP(A101,Type!$A$1:$B$132,2,0) -> Private Well | H101: 38.769717 | I101: -104.75117 | J101: 43 | K101: 12 | L101: 63 | M101: 0 | N101: 22 | O101: 61
A102: private well 4070 Bradly Rd. | B102: 42507 | C102: private well 4070 Bradly Rd. 2016-05-17 | D102: 30 | E102: FSW-30 | G102: =VLOOKUP(A102,Type!$A$1:$B$132,2,0) -> Private Well | H102: 38.77082 | I102: -104.7524 | J102: 72 | K102: 32 | L102: 160 | M102: 4.6 | N102: 46 | O102: 330
A103: private well 4075 Bradley Rd. | B103: 42516 | C103: private well 4075 Bradley Rd. 2016-05-26 | D103: 83 | E103: FSW-83 | G103: =VLOOKUP(A103,Type!$A$1:$B$132,2,0) -> Private Well | H103: 38.769717 | I103: -104.75257 | J103: 42 | K103: 31 | L103: 130 | M103: 0 | N103: 39 | O103: 260
A104: private well 4015 Bradly Rd. | B104: 42507 | C104: private well 4015 Bradly Rd. 2016-05-17 | D104: 29 | E104: FSW-29 | G104: =VLOOKUP(A104,Type!$A$1:$B$132,2,0) -> Private Well | H104: 38.76923 | I104: -104.75298 | J104: 83 | K104: 32 | L104: 150 | M104: 5.1 | N104: 46 | O104: 300
A105: Venetucci Farm - ranch house | B105: 42464 | C105: Venetucci Farm - ranch house 2016-04-04 | D105: 33 | E105: FSW-33 | F105: =VLOOKUP(A105,Type!$A$1:$C$132,3,0) -> CO0221806 | G105: =VLOOKUP(A105,Type!$A$1:$B$132,2,0) -> PWS and Other | H105: 38.758016 | I105: -104.75374 | J105: 120 | K105: 44 | L105: 560 | M105: 0 | N105: 86 | O105: 130
A106: monitoring well MW-1 Kingz | B106: 42494 | C106: monitoring well MW-1 Kingz 2016-05-04 | D106: 15 | E106: FSW-15 | G106: =VLOOKUP(A106,Type!$A$1:$B$132,2,0) -> PWS and Other | H106: 38.787078 | I106: -104.75432 | J106: 20 | K106: 12 | L106: 93 | M106: 0 | N106: 13 | O106: 41
A107: First United Pentacostal Church | B107: 42507 | C107: First United Pentacostal Church 2016-05-17 | D107: 18 | E107: FSW-18 | F107: =VLOOKUP(A107,Type!$A$1:$C$132,3,0) -> CO0221276 | G107: =VLOOKUP(A107,Type!$A$1:$B$132,2,0) -> PWS and Other | H107: 38.7696 | I107: -104.75488 | J107: 90 | K107: 20 | L107: 210 | M107: 3.9 | N107: 30 | O107: 130
A108: Security S11 Well | B108: 42471 | C108: Security S11 Well 2016-04-11 | D108: 46 | E108: FSW-46 | F108: =VLOOKUP(A108,Type!$A$1:$C$132,3,0) -> CO0121775 | G108: =VLOOKUP(A108,Type!$A$1:$B$132,2,0) -> PWS and Other | H108: 38.763889 | I108: -104.755 | J108: 37 | K108: 20 | L108: 130 | M108: 0 | N108: 35 | O108: 130
A109: Security S12 Well | B109: 42466 | C109: Security S12 Well 2016-04-06 | D109: 47 | E109: FSW-47 | F109: =VLOOKUP(A109,Type!$A$1:$C$132,3,0) -> CO0121775 | G109: =VLOOKUP(A109,Type!$A$1:$B$132,2,0) -> PWS and Other | H109: 38.766111 | I109: -104.75694 | J109: 42 | K109: 17 | L109: 160 | M109: 0 | N109: 32 | O109: 110
A110: Security S13 Well | B110: 42466 | C110: Security S13 Well 2016-04-06 | D110: 48 | E110: FSW-48 | F110: =VLOOKUP(A110,Type!$A$1:$C$132,3,0) -> CO0121775 | G110: =VLOOKUP(A110,Type!$A$1:$B$132,2,0) -> PWS and Other | H110: 38.768342 | I110: -104.75909 | J110: 84 | K110: 36 | L110: 410 | M110: 0 | N110: 96 | O110: 160
A111: Security CS Well 13 | B111: 42466 | C111: Security CS Well 13 2016-04-06 | D111: 38 | E111: FSW-38 | F111: =VLOOKUP(A111,Type!$A$1:$C$132,3,0) -> CO0121775 | G111: =VLOOKUP(A111,Type!$A$1:$B$132,2,0) -> PWS and Other | H111: 38.766461 | I111: -104.75947 | J111: 90 | K111: 38 | L111: 440 | M111: 0 | N111: 94 | O111: 170
A112: Security S14 Well | B112: 42466 | C112: Security S14 Well 2016-04-06 | D112: 49 | E112: FSW-49 | F112: =VLOOKUP(A112,Type!$A$1:$C$132,3,0) -> CO0121775 | G112: =VLOOKUP(A112,Type!$A$1:$B$132,2,0) -> PWS and Other | H112: 38.769514 | I112: -104.76021 | J112: 180 | K112: 37 | L112: 600 | M112: 0 | N112: 63 | O112: 520
A113: private well 3710 Bradley Rd | B113: 42549 | C113: private well 3710 Bradley Rd 2016-06-28 | D113: 81 | E113: FSW-81 | G113: =VLOOKUP(A113,Type!$A$1:$B$132,2,0) -> Private Well | H113: 38.77168 | I113: -104.76085 | J113: 52 | K113: 16 | L113: 200 | M113: 0 | N113: 20 | O113: 140
A114: monitoring well nonpotable well GWMW | B114: 42466 | C114: monitoring well nonpotable well GWMW 2016-04-06 | D114: 16 | E114: FSW-16 | G114: =VLOOKUP(A114,Type!$A$1:$B$132,2,0) -> PWS and Other | H114: 38.765701 | I114: -104.76093 | J114: 110 | K114: 22 | L114: 410 | M114: 0 | N114: 38 | O114: 290
A115: private well 3650 Bradley Rd. | B115: 42550 | C115: private well 3650 Bradley Rd. 2016-06-29 | D115: 80 | E115: FSW-80 | G115: =VLOOKUP(A115,Type!$A$1:$B$132,2,0) -> Private Well | H115: 38.77165 | I115: -104.76209 | J115: 0 | K115: 3.5 | L115: 13 | M115: 0 | N115: 5.2 | O115: 14
A116: monitoring well TH22 #4 | B116: 42781 | C116: monitoring well TH22 #4 2017-02-15 | D116: 129 | E116: FSW-129 | G116: =VLOOKUP(A116,Type!$A$1:$B$132,2,0) -> PWS and Other | H116: 38.779995 | I116: -104.76303 | J116: 0 | K116: 0 | L116: 10 | M116: 0 | N116: 4 | O116: 18
A117: private well 4380 S. Hwy 85/87 | B117: 42460 | C117: private well 4380 S. Hwy 85/87 2016-03-31 | D117: 32 | E117: FSW-32 | G117: =VLOOKUP(A117,Type!$A$1:$B$132,2,0) -> Private Well | H117: 38.768753 | I117: -104.76342 | J117: 0 | K117: 20 | L117: 78 | M117: 0 | N117: 48 | O117: 44
A118: monitoring well Rocky Mountain Materials | B118: 42437 | C118: monitoring well Rocky Mountain Materials 2016-03-08 | D118: 17 | E118: FSW-17 | G118: =VLOOKUP(A118,Type!$A$1:$B$132,2,0) -> PWS and Other | H118: 38.773766 | I118: -104.76486 | J118: 9 | K118: 4 | L118: 13 | M118: 0 | N118: 8 | O118: 9
A119: private well 6280 S. Hwy 85/87 | B119: 42464 | C119: private well 6280 S. Hwy 85/87 2016-04-04 | D119: 35 | E119: FSW-35 | G119: =VLOOKUP(A119,Type!$A$1:$B$132,2,0) -> Private Well | H119: 38.7724 | I119: -104.7655 | J119: 0 | K119: 0 | L119: 0 | M119: 0 | N119: 0 | O119: 0
A120: Stramoor Hills Well 10 | B120: 42690 | C120: Stramoor Hills Well 10 2016-11-16 | D120: 115 | E120: FSW-115 | F120: =VLOOKUP(A120,Type!$A$1:$C$132,3,0) -> CO0121800 | G120: =VLOOKUP(A120,Type!$A$1:$B$132,2,0) -> PWS and Other | H120: 38.772421 | I120: -104.76555 | J120: 0 | K120: 2.7 | L120: 11 | M120: 0 | N120: 4.8 | O120: 13
A121: Stramoor Hills Well 4 | B121: 42690 | C121: Stramoor Hills Well 4 2016-11-16 | D121: 65 | E121: FSW-65 | F121: =VLOOKUP(A121,Type!$A$1:$C$132,3,0) -> CO0121800 | G121: =VLOOKUP(A121,Type!$A$1:$B$132,2,0) -> PWS and Other | H121: 38.77136 | I121: -104.76672 | J121: 20 | K121: 11 | L121: 43 | M121: 0 | N121: 26 | O121: 54
A122: Stramoor Hills Well 5 | B122: 42788 | C122: Stramoor Hills Well 5 2017-02-22 | D122: 116 | E122: FSW-116 | F122: =VLOOKUP(A122,Type!$A$1:$C$132,3,0) -> CO0121800 | G122: =VLOOKUP(A122,Type!$A$1:$B$132,2,0) -> PWS and Other | H122: 38.77256 | I122: -104.76865 | J122: 11 | K122: 4.8 | L122: 22 | M122: 0 | N122: 11 | O122: 42
A123: private well 4050 S. Hwy 85-87 | B123: 42579 | C123: private well 4050 S. Hwy 85-87 2016-07-28 | D123: 100 | E123: FSW-100 | G123: =VLOOKUP(A123,Type!$A$1:$B$132,2,0) -> Private Well | H123: 38.772788 | I123: -104.76878 | J123: 20 | K123: 8.5 | L123: 46 | M123: 0 | N123: 19 | O123: 46
A124: monitoring well Mars Gas #2 | B124: 42781 | C124: monitoring well Mars Gas #2 2017-02-15 | D124: 127 | E124: FSW-127 | G124: =VLOOKUP(A124,Type!$A$1:$B$132,2,0) -> PWS and Other | H124: 38.777495 | I124: -104.77108 | J124: 0 | K124: 2 | L124: 15 | M124: 0 | N124: 4 | O124: 28
A125: U Pull and Pay Well | B125: 42507 | C125: U Pull and Pay Well 2016-05-17 | D125: 66 | E125: FSW-66 | F125: =VLOOKUP(A125,Type!$A$1:$C$132,3,0) -> CO0221766 | G125: =VLOOKUP(A125,Type!$A$1:$B$132,2,0) -> PWS and Other | H125: 38.77808 | I125: -104.7751 | J125: 45 | K125: 8.5 | L125: 37 | M125: 4 | N125: 14 | O125: 32
...

Sheet Type
A1: Name_OR_Site | B1: Type | C1: PWS_ID | D1: Latitude | E1: Longitude | F1: Data_Source | G1: Confidential | H1: PFBS | I1: PFHpA | J1: PFHxS | K1: PFNA | L1: PFOA | M1: PFOS | N1: Date | O1: Sample_ID2 | P1: Sample_ID
A2: Wigwam Well CR #1 | B2: PWS and Other | C2: CO0121470 | D2: 38.541917 | E2: -104.64063 | F2: El Paso GW | G2: Yes | H2: 27 | I2: 7.5 | J2: 50 | K2: 0 | L2: 25 | M2: 18 | N2: 39595 | O2: Wigwam Well CR #1 2008-05-27 | P2: FSW-131
A3: Widefield Well W-2 | B3: PWS and Other | C3: CO0121900 | D3: 38.73605 | E3: -104.72901 | F3: El Paso GW | G3: Yes | H3: 36 | I3: 12 | J3: 65 | K3: 0 | L3: 20 | M3: 78 | N3: 42493 | O3: Widefield Well W-2 2016-05-03 | P3: FSW-75
A4: Widefield Well JHW2 | B4: PWS and Other | C4: CO0121900 | D4: 38.7298 | E4: -104.65357 | F4: El Paso GW | G4: Yes | H4: 0 | I4: 0 | J4: 0 | K4: 0 | L4: 4.7 | M4: 2.9 | N4: 42536 | O4: Widefield Well JHW2 2016-06-15 | P4: FSW-130
A5: Widefield Well E2 | B5: PWS and Other | C5: CO0121900 | D5: 38.724384 | E5: -104.72443 | F5: El Paso GW | G5: Yes | H5: 72 | I5: 22 | J5: 140 | K5: 3.8 | L5: 33 | M5: 260 | N5: 42682 | O5: Widefield Well E2 2016-11-08 | P5: FSW-74
A6: Widefield Well C36 | B6: PWS and Other | C6: CO0121900 | D6: 38.732413 | E6: -104.73176 | F6: El Paso GW | G6: Yes | H6: 83 | I6: 21 | J6: 350 | K6: 0 | L6: 39 | M6: 71 | N6: 42594 | O6: Widefield Well C36 2016-08-12 | P6: FSW-73
A7: Widefield Well C3 | B7: PWS and Other | C7: CO0121900 | D7: 38.729424 | E7: -104.729 | F7: El Paso GW | G7: Yes | H7: 56 | I7: 22 | J7: 260 | K7: 0 | L7: 42 | M7: 75 | N7: 42493 | O7: Widefield Well C3 2016-05-03 | P7: FSW-72
A8: Widefield Well C1 | B8: PWS and Other | C8: CO0121900 | D8: 38.729257 | E8: -104.72616 | F8: El Paso GW | G8: Yes | H8: 36 | I8: 13 | J8: 80 | K8: 0 | L8: 20 | M8: 93 | N8: 42493 | O8: Widefield Well C1 2016-05-03 | P8: FSW-71
A9: Widefield W7 Well | B9: PWS and Other | C9: CO0121900 | D9: 38.727847 | E9: -104.72465 | F9: El Paso GW | G9: Yes | H9: 71 | I9: 27 | J9: 150 | K9: 0 | L9: 35 | M9: 260 | N9: 42594 | O9: Widefield W7 Well 2016-08-12 | P9: FSW-70
A10: Widefield W4 Well | B10: PWS and Other | C10: CO0121900 | D10: 38.735448 | E10: -104.73184 | F10: El Paso GW | G10: Yes | H10: 0 | I10: 24 | J10: 330 | K10: 0 | L10: 45 | M10: 51 | N10: 41778 | O10: Widefield W4 Well 2014-05-19 | P10: FSW-92
A11: Widefield W3 Well | B11: PWS and Other | C11: CO0121900 | D11: 38.733889 | E11: -104.73083 | F11: El Paso GW | G11: Yes | H11: 64 | I11: 23 | J11: 320 | K11: 0 | L11: 48 | M11: 90 | N11: 42492 | O11: Widefield W3 Well 2016-05-02 | P11: FSW-69
A12: Widefield W1 Well | B12: PWS and Other | C12: CO0121900 | D12: 38.736887 | E12: -104.72973 | F12: El Paso GW | G12: Yes | H12: 0 | I12: 0 | J12: 0 | K12: 0 | L12: 26 | M12: 72 | N12: 42410 | O12: Widefield W1 Well 2016-02-10 | P12: FSW-68
A13: Widefield Jhw5R Well | B13: PWS and Other | C13: CO0121900 | D13: 38.730278 | E13: -104.65111 | F13: El Paso GW | G13: Yes | H13: 0 | I13: 0 | J13: 0 | K13: 0 | L13: 0 | M13: 0 | N13: 41778 | O13: Widefield Jhw5R Well 2014-05-19 | P13: FSW-90
... A49: Norad MHP 5775 Southmoor | B49: PWS and Other | C49: CO0121500 | D49: 38.748 | E49: -104.7428 | F49: El Paso GW | G49: Yes | H49: 230 | I49: 44 | J49: 740 | K49: 0 | L49: 63 | M49: 140 | N49: 42460 | O49: Norad MHP 5775 Southmoor 2016-03-31 | P49: FSW-91
A50: monitoring well TH22 #4 | B50: PWS and Other | D50: 38.779995 | E50: -104.76303 | F50: El Paso GW | G50: Yes | H50: 0 | I50: 0 | J50: 10 | K50: 0 | L50: 4 | M50: 18 | N50: 42781 | O50: monitoring well TH22 #4 2017-02-15 | P50: FSW-129
A51: monitoring well Rocky Mountain Materials | B51: PWS and Other | D51: 38.773766 | E51: -104.76486 | F51: El Paso GW | G51: Yes | H51: 9 | I51: 4 | J51: 13 | K51: 0 | L51: 8 | M51: 9 | N51: 42437 | O51: monitoring well Rocky Mountain Materials 2016-03-08 | P51: FSW-17
A52: monitoring well Recycle Center #3 | B52: PWS and Other | D52: 38.788328 | E52: -104.77747 | F52: El Paso GW | G52: Yes | H52: 15 | I52: 4 | J52: 15 | K52: 0 | L52: 9 | M52: 26 | N52: 42781 | O52: monitoring well Recycle Center #3 2017-02-15 | P52: FSW-128
A53: monitoring well nonpotable well GWMW | B53: PWS and Other | D53: 38.765701 | E53: -104.76093 | F53: El Paso GW | G53: Yes | H53: 110 | I53: 22 | J53: 410 | K53: 0 | L53: 38 | M53: 290 | N53: 42466 | O53: monitoring well nonpotable well GWMW 2016-04-06 | P53: FSW-16
A54: monitoring well MW-1 Kingz | B54: PWS and Other | D54: 38.787078 | E54: -104.75432 | F54: El Paso GW | G54: Yes | H54: 20 | I54: 12 | J54: 93 | K54: 0 | L54: 13 | M54: 41 | N54: 42494 | O54: monitoring well MW-1 Kingz 2016-05-04 | P54: FSW-15
A55: monitoring well Mars Gas #2 | B55: PWS and Other | D55: 38.777495 | E55: -104.77108 | F55: El Paso GW | G55: Yes | H55: 0 | I55: 2 | J55: 15 | K55: 0 | L55: 4 | M55: 28 | N55: 42781 | O55: monitoring well Mars Gas #2 2017-02-15 | P55: FSW-127
A56: monitoring well HMW-63 Schlage | B56: PWS and Other | D56: 38.778542 | E56: -104.73804 | F56: El Paso GW | G56: Yes | H56: 21 | I56: 0 | J56: 6.9 | K56: 0 | L56: 0 | M56: 0 | N56: 42494 | O56: monitoring well HMW-63 Schlage 2016-05-04 | P56: FSW-14
A57: monitoring well COS Pond-MWE | B57: PWS and Other | D57: 38.794681 | E57: -104.70693 | F57: El Paso GW | G57: Yes | H57: 240 | I57: 200 | J57: 970 | K57: 25 | L57: 200 | M57: 1600 | N57: 42494 | O57: monitoring well COS Pond-MWE 2016-05-04 | P57: FSW-13
A58: monitoring well Airplane Crash #1 | B58: PWS and Other | D58: 38.735551 | E58: -104.71358 | F58: El Paso GW | G58: Yes | H58: 20 | I58: 6 | J58: 49 | K58: 0 | L58: 30 | M58: 36 | N58: 42782 | O58: monitoring well Airplane Crash #1 2017-02-16 | P58: FSW-126
A59: Garden Valley No 8 Well | B59: PWS and Other | C59: CO0121325 | D59: 38.79615 | E59: -104.79104 | F59: El Paso GW | G59: Yes | H59: 0 | I59: 0 | J59: 0 | K59: 0 | L59: 0 | M59: 0 | N59: 42423 | O59: Garden Valley No 8 Well 2016-02-23 | P59: FSW-12
A60: Garden Valley 5908 | B60: PWS and Other | C60: CO0121325 | D60: 38.79748 | E60: -104.79417 | F60: El Paso GW | G60: Yes | H60: 48 | I60: 5.5 | J60: 20 | K60: 5.4 | L60: 13 | M60: 34 | N60: 42507 | O60: Garden Valley 5908 2016-05-17 | P60: FSW-11
A61: Garden Valley 5360 | B61: PWS and Other | C61: CO0121325 | D61: 38.797222 | E61: -104.79426 | F61: El Paso GW | G61: Yes | H61: 46 | I61: 4.9 | J61: 19 | K61: 6.4 | L61: 11 | M61: 37 | N61: 42507 | O61: Garden Valley 5360 2016-05-17 | P61: FSW-10
A62: Garden Valley 5359 | B62: PWS and Other | C62: CO0121325 | D62: 38.796944 | E62: -104.79417 | F62: El Paso GW | G62: Yes | H62: 49 | I62: 8 | J62: 20 | K62: 6.6 | L62: 20 | M62: 36 | N62: 42507 | O62: Garden Valley 5359 2016-05-17 | P62: FSW-9
A63: Garden Valley 5356 | B63: PWS and Other | C63: CO0121325 | D63: 38.796389 | E63: -104.7937 | F63: El Paso GW | G63: Yes | H63: 46 | I63: 5.7 | J63: 19 | K63: 5.5 | L63: 13 | M63: 37 | N63: 42507 | O63: Garden Valley 5356 2016-05-17 | P63: FSW-8
A64: FV Shopping Center No 1 Well | B64: PWS and Other | C64: CO0221440 | D64: 38.751666 | E64: -104.74528 | F64: El Paso GW | G64: Yes | H64: 150 | I64: 42 | J64: 510 | K64: 5.6 | L64: 73 | M64: 140 | N64: 42507 | O64: FV Shopping Center No 1 Well 2016-05-17 | P64: FSW-7
A65: Fountain Well No 4 Dale St | B65: PWS and Other | C65: CO0121300 | D65: 38.688333 | E65: -104.705 | F65: El Paso GW | G65: Yes | H65: 0 | I65: 10 | J65: 59 | K65: 0 | L65: 33 | M65: 46 | O65: Fountain Well No 4 Dale St NA | P65: FSW-6
A66: Fountain Well No 3 Shop Well | B66: PWS and Other | C66: CO0121300 | D66: 38.681945 | E66: -104.69972 | F66: El Paso GW | G66: Yes | H66: 0 | I66: 0 | J66: 50 | K66: 0 | L66: 27 | M66: 50 | O66: Fountain Well No 3 Shop Well NA | P66: FSW-5
A67: Fountain Well No 2 South Park Well | B67: PWS and Other | C67: CO0121300 | D67: 38.685555 | E67: -104.70278 | F67: El Paso GW | G67: Yes | H67: 0 | I67: 10 | J67: 54 | K67: 0 | L67: 32 | M67: 49 | O67: Fountain Well No 2 South Park Well NA | P67: FSW-4
A68: Fountain Well No 1 North Park Well | B68: PWS and Other | C68: CO0121300 | D68: 38.686679 | E68: -104.70371 | F68: El Paso GW | G68: Yes | H68: 0 | I68: 0 | J68: 50 | K68: 0 | L68: 40 | M68: 0 | N68: 41472 | O68: Fountain Well No 1 North Park Well 2013-07-17 | P68: FSW-93
A69: Fountain Valley School | B69: PWS and Other | C69: CO0121300 | D69: 38.74355 | E69: -104.7078 | F69: El Paso GW | G69: Yes | H69: 23 | I69: 12 | J69: 34 | K69: 4.5 | L69: 33 | M69: 64 | N69: 42516 | O69: Fountain Valley School 2016-05-26 | P69: FSW-89
A70: Fountain Faith Fellowship | B70: PWS and Other | C70: CO0121300 | D70: 38.659137 | E70: -104.69044 | F70: El Paso GW | G70: Yes | H70: 0 | I70: 3.8 | J70: 10 | K70: 0 | L70: 9.1 | M70: 0 | N70: 42548 | O70: Fountain Faith Fellowship 2016-06-27 | P70: FSW-77
A71: First United Pentacostal Church | B71: PWS and Other | C71: CO0221276 | D71: 38.7696 | E71: -104.75488 | F71: El Paso GW | G71: Yes | H71: 90 | I71: 20 | J71: 210 | K71: 3.9 | L71: 30 | M71: 130 | N71: 42507 | O71: First United Pentacostal Church 2016-05-17 | P71: FSW-18
A72: El Paso Parks Mckinnon Well | B72: PWS and Other | C72: CO0221436 | D72: 38.709722 | E72: -104.71611 | F72: El Paso GW | G72: Yes | H72: 260 | I72: 6.1 | J72: 35 | K72: 0 | L72: 15 | M72: 20 | N72: 42431 | O72: El Paso Parks Mckinnon Well 2016-03-02 | P72: FSW-3
A73: El Paso Parks Fountain Creek Nature Ctr | B73: PWS and Other | C73: CO0221436 | D73: 38.713611 | E73: -104.71667 | F73: El Paso GW | G73: Yes | H73: 0 | I73: 0 | J73: 0 | K73: 0 | L73: 0 | M73: 0 | N73: 42431 | O73: El Paso Parks Fountain Creek Nature Ctr 2016-03-02 | P73: FSW-2
A74: El Paso Parks A1 WELL | B74: PWS and Other | C74: CO0221435 | D74: 38.709167 | E74: -104.71583 | F74: El Paso GW | G74: Yes | H74: 28 | I74: 5.3 | J74: 38 | K74: 0 | L74: 18 | M74: 31 | N74: 42431 | O74: El Paso Parks A1 WELL 2016-03-02 | P74: FSW-1
A75: CO. Centre Metro district | B75: PWS and Other | C75: CO0121140 | D75: 38.768417 | E75: -104.64929 | F75: El Paso GW | G75: Yes | H75: 0 | I75: 0 | J75: 0 | K75: 0 | L75: 0 | M75: 0 | N75: 42548 | O75: CO. Centre Metro district 2016-06-27 | P75: FSW-88
A76: private well 1205 Fountain Mesa | B76: Private Well | D76: 38.6981 | E76: -104.6981 | F76: El Paso GW | G76: Yes | H76: 0 | I76: 12 | J76: 81 | K76: 0 | L76: 30 | M76: 67 | N76: 42460 | O76: private well 1205 Fountain Mesa 2016-03-31 | P76: FSW-19
A77: private well 12255 Jordan | B77: Private Well | D77: 38.6541 | E77: -104.6843 | F77: El Paso GW | G77: Yes | H77: 0 | I77: 14 | J77: 76 | K77: 0 | L77: 38 | M77: 64 | N77: 42460 | O77: private well 12255 Jordan 2016-03-31 | P77: FSW-20
A78: private well 12290 Jordan | B78: Private Well | D78: 38.6531 | E78: -104.6866 | F78: El Paso GW | G78: Yes | H78: 0 | I78: 17 | J78: 82 | K78: 0 | L78: 44 | M78: 51 | N78: 42460 | O78: private well 12290 Jordan 2016-03-31 | P78: FSW-21
A79: private well 12410 Jordan | B79: Private Well | D79: 38.6519 | E79: -104.6859 | F79: El Paso GW | G79: Yes | H79: 0 | I79: 21 | J79: 88 | K79: 0 | L79: 46 | M79: 48 | N79: 42460 | O79: private well 12410 Jordan 2016-03-31 | P79: FSW-22
A80: private well 12425 Old Pueblo | B80: Private Well | D80: 38.6561 | E80: -104.6914 | F80: El Paso GW | G80: Yes | H80: 0 | I80: 22 | J80: 86 | K80: 0 | L80: 45 | M80: 41 | N80: 42460 | O80: private well 12425 Old Pueblo 2016-03-31 | P80: FSW-23
A81: private well 12716 Old Pueblo Rd | B81: Private Well | D81: 38.648761 | E81: -104.6863 | F81: El Paso GW | G81: Yes | H81: 0 | I81: 15 | J81: 71 | K81: 0 | L81: 42 | M81: 62 | N81: 42464 | O81: private well 12716 Old Pueblo Rd 2016-04-04 | P81: FSW-24
A82: private well 16880 Old Pueblo | B82: Private Well | D82: 38.5969 | E82: -104.6693 | F82: El Paso GW | G82: Yes | H82: 0 | I82: 13 | J82: 82 | K82: 0 | L82: 36 | M82: 66 | N82: 42460 | O82: private well 16880 Old Pueblo 2016-03-31 | P82: FSW-25
A83: private well 16990 Old Pueblo Rd #1 | B83: Private Well | D83: 38.588448 | E83: -104.66316 | F83: El Paso GW | G83: Yes | H83: 0 | I83: 13 | J83: 93 | K83: 0 | L83: 35 | M83: 55 | N83: 42464 | O83: private well 16990 Old Pueblo Rd #1 2016-04-04 | P83: FSW-26
A84: private well 16990 Old Pueblo Rd #2 | B84: Private Well | D84: 38.589011 | E84: -104.66578 | F84: El Paso GW | G84: Yes | H84: 0 | I84: 14 | J84: 97 | K84: 0 | L84: 40 | M84: 46 | N84: 42464 | O84: private well 16990 Old Pueblo Rd #2 2016-04-04 | P84: FSW-27
A85: private well 3415 Janitell | B85: Private Well | D85: 38.783422 | E85: -104.78697 | F85: El Paso GW | G85: Yes | H85: 0 | I85: 12 | J85: 0 | K85: 0 | L85: 0 | M85: 0 | N85: 42464 | O85: private well 3415 Janitell 2016-04-04 | P85: FSW-28
A86: private well 4015 Bradly Rd. | B86: Private Well | D86: 38.76923 | E86: -104.75298 | F86: El Paso GW | G86: Yes | H86: 83 | I86: 32 | J86: 150 | K86: 5.1 | L86: 46 | M86: 300 | N86: 42507 | O86: private well 4015 Bradly Rd. 2016-05-17 | P86: FSW-29
A87: private well 4070 Bradly Rd. | B87: Private Well | D87: 38.77082 | E87: -104.7524 | F87: El Paso GW | G87: Yes | H87: 72 | I87: 32 | J87: 160 | K87: 4.6 | L87: 46 | M87: 330 | N87: 42507 | O87: private well 4070 Bradly Rd. 2016-05-17 | P87: FSW-30
... A132: private well 13030 Old Pueblo Rd | B132: Private Well | D132: 38.642222 | E132: -104.68444 | F132: El Paso GW | G132: Yes | H132: 30 | I132: 4.5 | J132: 56 | K132: 0 | L132: 20 | M132: 22 | N132: 42695 | O132: private well 13030 Old Pueblo Rd 2016-11-21 | P132: FSW-125

Sheet Sheet1
A1: GIS_name
A2: Wigwam Well CR #1
A3: Widefield Well W-2
A4: Widefield Well JHW2
A5: Widefield Well E2
A6: Widefield Well C36
A7: Widefield Well C3
A8: Widefield Well C1
A9: Widefield W7 Well
A10: Widefield W4 Well
A11: Widefield W3 Well
A12: Widefield W1 Well
... A66: CO. Centre Metro district
